<?xml version="1.0" encoding="utf-8"?>
<set xmlns:android="http://schemas.android.com/apk/res/android" xmlns:cdv="http://cordova.apache.org/ns/1.0" xmlns:app="http://schemas.android.com/apk/res-auto" xmlns="http://www.w3.org/ns/widgets">
    <set android:ordering="sequentially">
        <objectAnimator android:interpolator="@interpolator/fast_out_slow_in" android:duration="183" android:valueFrom="1" android:valueTo="1.4" android:valueType="floatType" android:propertyName="scaleX"/>
        <objectAnimator android:interpolator="@interpolator/fast_out_slow_in" android:duration="16" android:valueFrom="1.4" android:valueTo="0" android:valueType="floatType" android:propertyName="scaleX"/>
        <objectAnimator android:interpolator="@interpolator/fast_out_slow_in" android:duration="300" android:valueFrom="0" android:valueTo="0" android:valueType="floatType" android:propertyName="scaleX"/>
    </set>
    <set android:ordering="sequentially">
        <objectAnimator android:interpolator="@interpolator/fast_out_slow_in" android:duration="183" android:valueFrom="1" android:valueTo="1.4" android:valueType="floatType" android:propertyName="scaleY"/>
        <objectAnimator android:interpolator="@interpolator/fast_out_slow_in" android:duration="16" android:valueFrom="1.4" android:valueTo="0" android:valueType="floatType" android:propertyName="scaleY"/>
        <objectAnimator android:interpolator="@interpolator/fast_out_slow_in" android:duration="300" android:valueFrom="0" android:valueTo="0" android:valueType="floatType" android:propertyName="scaleY"/>
    </set>
</set>
