<?xml version="1.0" encoding="utf-8"?>
<androidx.appcompat.widget.AlertDialogLayout xmlns:android="http://schemas.android.com/apk/res/android" xmlns:cdv="http://cordova.apache.org/ns/1.0" xmlns:app="http://schemas.android.com/apk/res-auto" xmlns="http://www.w3.org/ns/widgets" android:gravity="top|left|center_vertical|center_horizontal|center|start" android:orientation="vertical" android:id="@+id/parentPanel" android:layout_width="match_parent" android:layout_height="wrap_content">
    <include layout="@layout/abc_alert_dialog_title_material"/>
    <FrameLayout android:id="@+id/contentPanel" android:layout_width="match_parent" android:layout_height="wrap_content" android:minHeight="48dp">
        <View android:layout_gravity="top" android:id="@+id/scrollIndicatorUp" android:background="?attr/colorControlHighlight" android:visibility="gone" android:layout_width="match_parent" android:layout_height="1dp"/>
        <androidx.core.widget.NestedScrollView android:id="@+id/scrollView" android:clipToPadding="false" android:layout_width="match_parent" android:layout_height="wrap_content">
            <LinearLayout android:orientation="vertical" android:layout_width="match_parent" android:layout_height="wrap_content">
                <android.widget.Space android:id="@+id/textSpacerNoTitle" android:visibility="gone" android:layout_width="match_parent" android:layout_height="@dimen/abc_dialog_padding_top_material"/>
                <TextView android:id="@android:id/message" android:paddingLeft="?attr/dialogPreferredPadding" android:paddingRight="?attr/dialogPreferredPadding" android:layout_width="match_parent" android:layout_height="wrap_content" style="@style/TextAppearance.AppCompat.Subhead"/>
                <android.widget.Space android:id="@+id/textSpacerNoButtons" android:visibility="gone" android:layout_width="match_parent" android:layout_height="@dimen/abc_dialog_padding_top_material"/>
            </LinearLayout>
        </androidx.core.widget.NestedScrollView>
        <View android:layout_gravity="bottom" android:id="@+id/scrollIndicatorDown" android:background="?attr/colorControlHighlight" android:visibility="gone" android:layout_width="match_parent" android:layout_height="1dp"/>
    </FrameLayout>
    <FrameLayout android:id="@+id/customPanel" android:layout_width="match_parent" android:layout_height="wrap_content" android:minHeight="48dp">
        <FrameLayout android:id="@+id/custom" android:layout_width="match_parent" android:layout_height="wrap_content"/>
    </FrameLayout>
    <include android:layout_width="match_parent" android:layout_height="wrap_content" layout="@layout/abc_alert_dialog_button_bar_material"/>
</androidx.appcompat.widget.AlertDialogLayout>
