<?xml version="1.0" encoding="utf-8"?>
<widget xmlns:android="http://schemas.android.com/apk/res/android" xmlns:cdv="http://cordova.apache.org/ns/1.0" xmlns:app="http://schemas.android.com/apk/res-auto" xmlns="http://www.w3.org/ns/widgets" id="com.neptune.spaceshooter" version="2.0.0">
    <feature name="AdMob">
        <param name="android-package" value="admob.plugin.AdMob"/>
    </feature>
    <feature name="Consent">
        <param name="android-package" value="cordova.plugin.consent.Consent"/>
    </feature>
    <feature name="CDVOrientation">
        <param name="android-package" value="cordova.plugins.screenorientation.CDVOrientation"/>
    </feature>
    <allow-navigation href="http://localhost/*"/>
    <allow-navigation href="https://localhost/*"/>
    <allow-navigation href="ionic://*"/>
    <feature name="IonicWebView">
        <param name="android-package" value="com.ionicframework.cordova.webview.IonicWebView"/>
    </feature>
    <name>AKM Space Shooter Game
    </name>
    <content src="index.html"/>
    <access origin="*"/>
    <allow-intent href="http://*/*"/>
    <allow-intent href="https://*/*"/>
    <allow-intent href="tel:*"/>
    <allow-intent href="sms:*"/>
    <allow-intent href="mailto:*"/>
    <allow-intent href="geo:*"/>
    <allow-intent href="market:*"/>
    <icon density="ldpi" src="www/android-icon-36.png"/>
    <icon density="mdpi" src="www/android-icon-48.png"/>
    <icon density="hdpi" src="www/android-icon-72.png"/>
    <icon density="xhdpi" src="www/android-icon-96.png"/>
    <icon density="xxhdpi" src="www/android-icon-144.png"/>
    <icon density="xxxhdpi" src="www/android-icon-192.png"/>
    <preference name="loglevel" value="DEBUG"/>
    <preference name="webView" value="com.ionicframework.cordova.webview.IonicWebViewEngine"/>
    <preference name="AndroidXEnabled" value="true"/>
    <preference name="BackgroundColor" value="ff000000"/>
    <preference name="Fullscreen" value="true"/>
    <preference name="phonegap-version" value="cli-9.0.0"/>
</widget>
